analysis_id	display_label
Current_Nr6	Densovirinae sp. isolate RBHC_NN_ABH_1
Current_Nr7	Densovirinae sp. isolate RBHC_NN_ABH_2
Current_Nr8	Densovirinae sp. isolate RBHC_NN_ABH_3
Current_Nr9	Densovirinae sp. isolate RBHC_NN_ABH_4
Current_Nr11	Densovirinae sp. isolate RBHC_NN_H_1
Current_Nr21	Densovirinae sp. isolate RBHC_NN_AAH_1
Current_Nr22	Densovirinae sp. isolate RBHC_NN_AAH_2
Previous_D1	Densovirinae sp. isolate RBHC_VM_1
Previous_D2	Densovirinae sp. isolate RBHC_VM_2
Previous_D3	Densovirinae sp. isolate RBHC_VM_3
Previous_D4	Densovirinae sp. isolate RBHC_VM_4
Previous_D5	Densovirinae sp. isolate RBHC_VM_5
Previous_P1	Densovirinae sp. isolate RBHC_NN_1
Previous_P2	Densovirinae sp. isolate RBHC_NN_2
Previous_P3	Densovirinae sp. isolate RBHC_NN_3
Previous_P4	Densovirinae sp. isolate RBHC_NN_4
Previous_P5	Densovirinae sp. isolate RBHC_NN_5
